player,span,matches_played,overs,maidens_earned,balls,conceded,wickets,best_innings_bowling,bowling_average,economy_rate,bowling_strike_rate,four_wickets,five_wicktes,ten_wickets
Harmeet Singh (SPR),2024-2024,5,20.0,2,120,90,8,3/17,11.25,4.50,15.0,-,-,-
Abhishesh Gautam (LUL),2024-2024,4,16.0,-,96,78,6,3/20,13.00,4.87,16.0,-,-,-
BFW de Leede (POA),2024-2024,1,4.0,-,24,20,2,2/20,10.00,5.00,12.0,-,-,-
MG Erasmus (KAG),2024-2024,7,25.1,-,151,131,11,3/17,11.90,5.20,13.7,-,-,-
LN Rajbanshi (JAB),2024-2024,10,40.0,5,240,213,17,3/8,12.52,5.32,14.1,-,-,-
Zeeshan Maqsood (KAY),2024-2024,9,33.0,-,198,177,10,3/26,17.70,5.36,19.8,-,-,-
Shahab Alam (KAG),2024-2024,7,23.0,-,138,125,6,3/20,20.83,5.43,23.0,-,-,-
D Kandel (KAG),2024-2024,6,16.0,-,96,87,7,3/6,12.42,5.43,13.7,-,-,-
RK Paudel (LUL),2024-2024,7,19.0,-,114,107,8,4/17,13.37,5.63,14.2,1,-,-
Sohail Tanvir (CHR),2024-2024,8,30.2,1,182,174,14,5/21,12.42,5.73,13.0,-,1,-
TR Bhandari (LUL),2024-2024,1,4.0,-,24,23,2,2/23,11.50,5.75,12.0,-,-,-
Mohammad Mohsin (JAB),2024-2024,9,34.3,2,207,200,12,3/40,16.66,5.79,17.2,-,-,-
BP Sharma (KAY),2024-2024,8,29.0,2,174,171,13,3/17,13.15,5.89,13.3,-,-,-
B Sharki (KAG),2024-2024,7,5.0,-,30,30,-,-,-,6.00,-,-,-,-
SA Zaib (SPR),2024-2024,9,24.1,-,145,151,12,3/33,12.58,6.24,12.0,-,-,-
H Thaker (JAB),2024-2024,10,31.0,2,186,197,11,5/23,17.90,6.35,16.9,-,1,-
Karan KC (KAG),2024-2024,7,23.5,-,143,152,12,4/16,12.66,6.37,11.9,1,-,-
RS Bopara (CHR),2024-2024,8,9.0,-,54,58,2,1/8,29.00,6.44,27.0,-,-,-
Basir Ahamad (BIK),2024-2024,7,19.0,1,114,123,6,2/22,20.50,6.47,19.0,-,-,-
Kushal Malla (CHR),2024-2024,8,27.0,-,162,176,9,2/18,19.55,6.51,18.0,-,-,-
S Dhakal (POA),2024-2024,7,25.0,-,150,164,5,2/15,32.80,6.56,30.0,-,-,-
Pratis GC (BIK),2024-2024,6,19.0,1,114,127,9,4/17,14.11,6.68,12.6,2,-,-
S Malla (JAB),2024-2024,8,19.3,-,117,132,7,3/11,18.85,6.76,16.7,-,-,-
B McMullen (SPR),2024-2024,9,19.0,1,114,129,6,3/21,21.50,6.78,19.0,-,-,-
S Lamichhane (BIK),2024-2024,7,28.0,-,168,191,6,3/19,31.83,6.82,28.0,-,-,-
WG Bosisto (KAY),2024-2024,7,24.0,1,144,164,9,6/28,18.22,6.83,16.0,-,1,-
Saad Bin Zafar (LUL),2024-2024,7,25.0,-,150,171,9,3/21,19.00,6.84,16.6,-,-,-
N Saud (SPR),2024-2024,8,14.1,-,85,97,6,5/19,16.16,6.84,14.1,-,1,-
DS Airee (SPR),2024-2024,9,25.0,-,150,175,9,3/29,19.44,7.00,16.6,-,-,-
JN Loftie-Eaton (CHR),2024-2024,3,8.0,-,48,56,3,2/18,18.66,7.00,16.0,-,-,-
MA Leask (POA),2024-2024,7,22.0,1,132,156,3,1/17,52.00,7.09,44.0,-,-,-
UBS Thakuri (KAY),2024-2024,5,9.0,-,54,64,2,1/17,32.00,7.11,27.0,-,-,-
Aqib Ilyas (BIK),2024-2024,2,7.0,-,42,50,1,1/31,50.00,7.14,42.0,-,-,-
SC Kuggeleijn (SPR),2024-2024,9,28.5,1,173,210,17,5/18,12.35,7.28,10.1,-,1,-
DA Douthwaite (KAG),2024-2024,4,6.5,-,41,50,2,1/14,25.00,7.31,20.5,-,-,-
Bipin Khatri (POA),2024-2024,7,18.0,1,108,133,9,3/19,14.77,7.38,12.0,-,-,-
CB Sole (BIK),2024-2024,7,27.0,-,162,200,9,2/21,22.22,7.40,18.0,-,-,-
I Pandey (SPR),2024-2024,9,7.0,-,42,52,4,2/11,13.00,7.42,10.5,-,-,-
Subash Bhandari (BIK),2024-2024,3,4.1,-,25,31,1,1/27,31.00,7.44,25.0,-,-,-
Surya Tamang (LUL),2024-2024,4,14.5,-,89,111,1,1/18,111.00,7.48,89.0,-,-,-
M Levitt (KAG),2024-2024,7,6.0,-,36,45,1,1/13,45.00,7.50,36.0,-,-,-
A Bohara (SPR),2024-2024,9,23.0,1,138,173,7,3/17,24.71,7.52,19.7,-,-,-
NK Yadav (KAY),2024-2024,9,23.3,1,141,177,9,3/19,19.66,7.53,15.6,-,-,-
AS Routela (CHR),2024-2024,8,9.0,-,54,70,4,2/9,17.50,7.77,13.5,-,-,-
B Karki (KAY),2024-2024,2,5.0,-,30,39,-,-,-,7.80,-,-,-,-
RA Reifer (POA),2024-2024,7,21.0,-,126,164,5,2/33,32.80,7.80,25.2,-,-,-
Rashid Khan (KAG),2024-2024,7,17.2,-,104,136,6,3/43,22.66,7.84,17.3,-,-,-
Gulsan Jha (KAY),2024-2024,9,8.0,-,48,63,1,1/31,63.00,7.87,48.0,-,-,-
RR Simmonds (LUL),2024-2024,7,24.2,-,146,194,9,2/21,21.55,7.97,16.2,-,-,-
K Bhurtel (POA),2024-2024,7,14.1,-,85,113,5,2/27,22.60,7.97,17.0,-,-,-
K Mahato (JAB),2024-2024,10,33.0,1,198,265,14,4/35,18.92,8.03,14.1,1,-,-
Sompal Kami (KAY),2024-2024,9,29.5,1,179,240,9,2/22,26.66,8.04,19.8,-,-,-
R Dhakal (CHR),2024-2024,8,28.5,1,173,232,13,3/10,17.84,8.04,13.3,-,-,-
LM Benkenstein (CHR),2024-2024,5,8.0,-,48,68,4,3/37,17.00,8.50,12.0,-,-,-
R Kumar (CHR),2024-2024,5,14.0,-,84,120,2,1/26,60.00,8.57,42.0,-,-,-
A Yadav (JAB),2024-2024,5,8.0,-,48,69,3,2/16,23.00,8.62,16.0,-,-,-
A Kharel (BIK),2024-2024,5,14.0,-,84,123,5,3/26,24.60,8.78,16.8,-,-,-
Basil Hameed (CHR),2024-2024,2,6.0,-,36,53,1,1/15,53.00,8.83,36.0,-,-,-
S Vesawkar (CHR),2024-2024,4,6.0,-,36,53,1,1/37,53.00,8.83,36.0,-,-,-
JDS Neesham (JAB),2024-2024,9,26.0,-,156,233,7,2/29,33.28,8.96,22.2,-,-,-
D Gupta (LUL),2024-2024,5,11.0,-,66,104,3,3/21,34.66,9.45,22.0,-,-,-
NA Sowter (KAG),2024-2024,3,9.0,-,54,86,1,1/32,86.00,9.55,54.0,-,-,-
Ismat Alam (BIK),2024-2024,3,7.0,-,42,72,2,1/21,36.00,10.28,21.0,-,-,-
Aakash Chand (POA),2024-2024,4,7.0,-,42,74,-,-,-,10.57,-,-,-,-
MJJ Critchley (POA),2024-2024,4,9.0,-,54,96,1,1/29,96.00,10.66,54.0,-,-,-
B Yadav (LUL),2024-2024,6,14.5,-,89,171,3,1/9,57.00,11.52,29.6,-,-,-
